Title,Year,Directors,WatchedDate,Rating,Rating10
Pet Sematary,2019,"Dennis Widmyer, Kevin Kolsch",2020-04-21,3.0,6
Napoleon Dynamite,2004,Jared Hess,2020-04-20,3.5,7
Captain Marvel,2019,"Anna Boden, Ryan Fleck",2020-04-19,3.5,7
Annie Hall,1977,Woody Allen,2020-04-18,3.5,7
The Gentlemen,2019,Guy Ritchie,2020-04-18,4.0,8
Onward,2020,Dan Scanlon,2020-04-17,4.0,8
The Hunger Games: Mockingjay. Part 2,2015,Francis Lawrence,2020-04-16,2.5,5
The Hunger Games: Mockingjay - Part I,2014,Francis Lawrence,2020-04-16,2.5,5
Meet the Robinsons,2007,Stephen J. Anderson,2020-04-12,3.5,7
Star Wars: The Rise of Skywalker,2019,J.J. Abrams,2020-04-11,3.0,6
Suspiria,2018,Luca Guadagnino,2020-04-11,3.0,6
Big Fish,2003,Tim Burton,2020-04-10,5.0,10
Fear and Desire,1953,Stanley Kubrick,2020-04-10,2.5,5
Nymphomaniac. Part 2,2013,Lars von Trier,2020-04-09,3.5,7
Nymphomaniac. Part 1,2013,Lars von Trier,2020-04-09,3.0,6
The Darjeeling Limited,2007,Wes Anderson,2020-04-08,4.0,8
Throne of Blood,1957,Akira Kurosawa,2020-04-08,3.5,7
The Color Purple,1985,Steven Spielberg,2020-04-04,4.0,8
Jersey Boys,2014,Clint Eastwood,2020-04-02,3.5,7
To Return,2006,Pedro Almodóvar,2020-03-28,3.5,7
X2,2003,Bryan Singer,2020-03-27,3.5,7
Double Indemnity,1944,Billy Wilder,2020-03-26,4.0,8
The Life Aquatic with Steve Zissou,2004,Wes Anderson,2020-03-26,3.5,7
The Platform,2019,Galder Gaztelu-Urrutia,2020-03-21,4.0,8
Seventh Son,2014,Sergey Bodrov,2020-03-20,2.5,5
Miles Davis: Birth of the Cool,2019,Stanley Nelson,2020-03-20,4.0,8
The Lighthouse,2019,Robert Eggers,2020-03-19,3.5,7
24 Hour Party People,2002,Michael Winterbottom,2020-03-17,3.0,6
Cool World,1992,Ralph Bakshi,2020-03-15,3.0,6
Blood Diamond,2006,Edward Zwick,2020-03-14,4.0,8
The Pirates! Band of Misfits,2012,"Peter Lord, Jeff Newitt",2020-03-13,4.0,8
Marriage Story,2019,Noah Baumbach,2020-03-13,3.5,7
Escape from Alcatraz,1979,Don Siegel,2020-03-12,4.0,8
Shrew's Nest,2014,"Juanfer Andrés, Esteban Roel",2020-03-12,3.5,7
The House That Jack Built,2018,Lars von Trier,2020-03-07,3.5,7
Tully,2018,Jason Reitman,2020-02-22,3.5,7
The Dirt,2019,Jeff Tremaine,2020-02-15,3.5,7
The Two Popes,2019,Fernando Meirelles,2020-02-13,4.0,8
Sound & Fury,2019,"Michael Arias, Masayuki Matsumoto",2020-02-08,3.5,7
The Angry Birds Movie 2,2019,"Thurop Van Orman, John Rice",2020-02-08,3.0,6
Bad Education,2004,Pedro Almodóvar,2020-01-23,4.0,8
The Flower of My Secret,1995,Pedro Almodóvar,2020-01-23,3.0,6
Cat on a Hot Tin Roof,1958,Richard Brooks,2020-01-20,4.5,9
Angel-A,2005,Luc Besson,2020-01-18,4.0,8
Kika,1993,Pedro Almodóvar,2020-01-18,3.0,6
Jojo Rabbit,2019,Taika Waititi,2020-01-17,4.0,8
The Matrix Revolutions,2003,"Lilly Wachowski, Lana Wachowski",2020-01-17,3.5,7
Parasite (Gisaengchung),2019,Bong Joon-ho,2020-01-11,4.5,9
1917,2019,Sam Mendes,2020-01-10,4.5,9
The Matrix Reloaded,2003,"Lilly Wachowski, Lana Wachowski",2020-01-09,3.5,7
The Law of Desire,1987,Pedro Almodóvar,2020-01-06,3.5,7
High Heels,1991,Pedro Almodóvar,2020-01-06,3.0,6
Alexander,2004,Oliver Stone,2020-01-05,3.5,7
Tie Me Up! Tie Me Down!,1989,Pedro Almodóvar,2020-01-04,3.5,7
Robin Hood: Men in Tights,1993,Mel Brooks,2020-01-03,3.5,7
King Arthur: Legend of the Sword,2017,Guy Ritchie,2020-01-03,3.5,7
The Matrix,1999,"Lilly Wachowski, Lana Wachowski",2020-01-03,4.5,9
The Other Side of the Wind,2018,Orson Welles,2020-01-01,3.0,6
Women on the Verge of a Nervous Breakdown,1988,Pedro Almodóvar,2019-12-30,3.5,7
Dark Habits,1983,Pedro Almodóvar,2019-12-29,3.0,6
Dunkirk,2017,Christopher Nolan,2019-12-29,4.0,8
Room,2015,Lenny Abrahamson,2019-12-28,3.5,7
Chocolat,2016,Roschdy Zem,2019-12-27,3.5,7
Red Sparrow,2018,Francis Lawrence,2019-12-27,3.5,7
"Alita, Battle Angel",2019,Robert Rodriguez,2019-12-26,3.5,7
Hereditary,2018,Ari Aster,2019-12-26,3.5,7
Jumanji: Welcome to the Jungle,2017,Jake Kasdan,2019-12-25,3.0,6
Mutafukaz,2017,"Shôjirô Nishimi, Guillaume Renard",2019-12-24,3.0,6
Goosebumps,2015,Rob Letterman,2019-12-24,3.0,6
Call Me by Your Name,2017,Luca Guadagnino,2019-12-23,3.5,7
Holy Camp!,2017,"Javier Ambrossi, Javier Calvo",2019-12-22,3.5,7
Hot Shots! Part Deux,1993,Jim Abrahams,2019-12-21,3.0,6
Who Am I - No System Is Safe,2014,Baran bo Odar,2019-12-21,3.5,7
Us,2019,Jordan Peele,2019-12-20,4.0,8
The Irishman,2019,Martin Scorsese,2019-12-14,4.0,8
The Secret Life of Walter Mitty,2013,Ben Stiller,2019-12-07,4.0,8
Beverly Hills Cop III,1994,John Landis,2019-12-05,3.0,6
Critters,1986,Stephen Herek,2019-12-05,3.0,6
John Wick: Chapter 3 - Parabellum,2019,Chad Stahelski,2019-12-04,2.5,5
Kung Fu Panda 3,2016,"Jennifer Yuh, Alessandro Carloni",2019-12-02,3.5,7
Kung Fu Panda 2,2011,Jennifer Yuh,2019-12-01,3.5,7
Beverly Hills Cop II,1987,Tony Scott,2019-11-30,3.0,6
Kung Fu Panda,2008,"Mark Osborne, John Stevenson",2019-11-28,3.5,7
El Camino: A Breaking Bad Movie,2019,Vince Gilligan,2019-11-23,3.0,6
Klaus,2019,Sergio Pablos,2019-11-18,4.0,8
The Wicker Man,2006,Neil LaBute,2019-11-14,2.0,4
Blood Machines,2019,"Raphael Hernandez, Savitri Joly-Gonfard",2019-11-11,3.5,7
Beverly Hills Cop,1984,Martin Brest,2019-11-09,3.5,7
Little Monsters,2019,Abe Forsythe,2019-11-08,4.0,8
Dolemite Is My Name,2019,Craig Brewer,2019-11-02,3.5,7
Winter on Fire,2015,Evgeny Afineevsky,2019-10-22,4.0,8
Joker,2019,Todd Phillips,2019-10-20,4.0,8
The Secret Life of Pets 2,2019,"Chris Renaud, Jonathan del Val",2019-10-19,3.0,6
Jurassic World: Fallen Kingdom,2018,J.A. Bayona,2019-10-17,3.0,6
Flash Gordon,1980,Mike Hodges,2019-10-13,3.5,7
Knuckle,2011,Ian Palmer,2019-09-30,3.0,6
Toy Story 4,2019,Josh Cooley,2019-09-23,4.0,8
All About Eve,1950,Joseph L. Mankiewicz,2019-09-22,3.5,7
Missing Link,2019,Chris Butler,2019-09-21,4.0,8
Mandy,2018,Panos Cosmatos,2019-09-21,3.5,7
mother!,2017,Darren Aronofsky,2019-09-14,3.5,7
It: Chapter Two,2019,Andy Muschietti,2019-09-13,4.0,8
IRIS: A Space Opera by Justice,2019,Andre Chemetoff,2019-09-11,4.0,8
Flushed Away,2006,"David Bowers, Sam Fell",2019-09-09,3.5,7
The Crystal Calls: Making ‘The Dark Crystal: Age of Resistance',2019,Randall Lobb,2019-09-09,3.5,7
Detective Pikachu,2019,Rob Letterman,2019-08-31,3.5,7
Once Upon a Time in... Hollywood,2019,Quentin Tarantino,2019-08-17,3.0,6
Superbad,2007,Greg Mottola,2019-08-13,2.5,5
The 100-Year-Old Man Who Climbed Out the Window and Disappeared,2013,Felix Herngren,2019-08-10,3.5,7
Chicago,2002,Rob Marshall,2019-08-01,3.5,7
The Texas Chainsaw Massacre,1974,Tobe Hooper,2019-07-27,3.5,7
The Great Gatsby,2013,Baz Luhrmann,2019-07-17,3.5,7
American Graffiti,1973,George Lucas,2019-07-17,3.0,6
Lost in Translation,2003,Sofia Coppola,2019-07-16,2.5,5
Circle,2015,"Aaron Hann, Mario Miscione",2019-07-16,2.0,4
Baywatch,2017,Seth Gordon,2019-07-15,2.5,5
Ted 2,2015,Seth MacFarlane,2019-07-14,3.0,6
Kick-Ass 2,2013,Jeff Wadlow,2019-07-14,3.0,6
Ted,2012,Seth MacFarlane,2019-07-13,3.0,6
The SpongeBob Movie: Sponge Out of Water,2015,Paul Tibbitt,2019-07-13,2.5,5
"Oh, Ramona!",2019,Cristina Jacob,2019-07-12,2.0,4
The Babysitter,2017,McG,2019-07-11,3.0,6
Annihilation,2018,Alex Garland,2019-07-11,2.5,5
The Night Comes for Us,2018,Timo Tjahjanto,2019-07-10,3.5,7
Apostle,2018,Gareth Evans,2019-07-10,3.0,6
Polar,2019,Jonas Åkerlund,2019-07-09,2.5,5
Tucker & Dale vs Evil,2010,Eli Craig,2019-07-06,3.5,7
Asterix: The Land of The Gods 3D,2014,"Alexandre Astier, Louis Clichy",2019-07-06,3.0,6
Green Room,2015,Jeremy Saulnier,2019-07-05,3.5,7
Captain Fantastic,2016,Matt Ross,2019-07-05,3.5,7
The Royal Tenenbaums,2001,Wes Anderson,2019-07-03,4.0,8
Asterix: The Secret of the Magic Potion,2018,"Alexandre Astier, Louis Clichy",2019-07-03,3.0,6
The Black Cauldron,1985,"Ted Berman, Richard Rich",2019-07-02,3.5,7
Howard the Duck,1986,William Huyck,2019-07-02,3.0,6
The Exorcist,1973,William Friedkin,2019-07-01,3.5,7
Bonnie & Clyde,1967,Arthur Penn,2019-07-01,3.5,7
Green Book,2018,Peter Farrelly,2019-06-30,4.5,9
Let the Right One In,2008,Tomas Alfredson,2019-06-30,3.5,7
Bad Times at the El Royale,2018,Drew Goddard,2019-06-29,4.0,8
Ed Wood,1994,Tim Burton,2019-06-29,4.0,8
Delicatessen,1991,"Jean-Pierre Jeunet, Marc Caro",2019-06-23,3.5,7
You Were Never Really Here,2017,Lynne Ramsay,2019-06-22,3.5,7
Glass,2019,M. Night Shyamalan,2019-06-22,3.0,6
Bird Box,2018,Susanne Bier,2019-06-21,2.5,5
Spellbound,1945,Alfred Hitchcock,2019-06-20,3.5,7
"Aguirre, the Wrath of God",1972,Werner Herzog,2019-06-15,2.5,5
Mortal Engines,2018,Christian Rivers,2019-06-09,3.0,6
Strangers on a Train,1951,Alfred Hitchcock,2019-06-08,4.0,8
Excalibur,1981,John Boorman,2019-06-08,3.5,7
Identity,2003,James Mangold,2019-06-06,3.5,7
The Red Turtle,2016,Michael Dudok de Wit,2019-06-01,3.0,6
The Dark Crystal,1982,"Jim Henson, Frank Oz",2019-05-31,4.0,8
Fantastic Beasts: The Crimes of Grindelwald,2018,David Yates,2019-05-31,3.0,6
The Girl of Your Dreams,1998,Fernando Trueba,2019-05-30,3.5,7
Spider-Man: Into the Spider-Verse,2018,"Bob Persichetti, Peter Ramsey",2019-05-25,4.0,8
Climax,2018,Gaspar Noé,2019-05-24,4.0,8
Marnie,1964,Alfred Hitchcock,2019-05-23,4.0,8
The Lost Boys,1987,Joel Schumacher,2019-05-18,3.5,7
Kingsman: The Golden Circle,2017,Matthew Vaughn,2019-05-16,4.0,8
Lords of Chaos,2018,Jonas Åkerlund,2019-05-11,3.5,7
Quadrophenia,1979,Franc Roddam,2019-05-06,4.0,8
Avengers: Endgame,2019,"Anthony Russo, Joe Russo",2019-05-04,4.0,8
Valhalla Rising,2009,Nicolas Winding Refn,2019-04-30,3.0,6
How To Train Your Dragon: The Hidden World,2019,Dean DeBlois,2019-04-27,4.0,8
The Body,2012,Oriol Paulo,2019-04-20,4.0,8
Dark Shadows,2012,Tim Burton,2019-04-19,3.0,6
Shrek Forever After,2010,Mike Mitchell,2019-04-19,3.0,6
Hanna,2011,Joe Wright,2019-04-18,4.0,8
Last Action Hero,1993,John McTiernan,2019-04-18,3.5,7
Swiped: Hooking Up in the Digital Age,2018,Nancy Jo Sales,2019-04-17,3.5,7
Cleopatra,1963,Joseph L. Mankiewicz,2019-04-13,4.0,8
Notorious,1946,Alfred Hitchcock,2019-04-11,4.0,8
The Boondock Saints,1999,Troy Duffy,2019-03-29,4.0,8
Another Day of Life,2018,"Raúl de la Fuente, Damian Nenow",2019-03-23,3.5,7
Pet Sematary,1989,Mary Lambert,2019-03-22,3.5,7
"Saló, or the 120 Days of Sodom",1975,Pier Paolo Pasolini,2019-03-15,4.0,8
Spartacus,1960,Stanley Kubrick,2019-03-15,4.5,9
Killing God,2017,"Albert Pintó, Caye Casas",2019-03-09,3.0,6
Gone With the Wind,1939,"Victor Fleming, George Cukor",2019-03-07,4.0,8
Funny Games,1997,Michael Haneke,2019-03-02,4.0,8
Out of Africa,1985,Sydney Pollack,2019-03-01,3.5,7
Beetlejuice,1988,Tim Burton,2019-03-01,3.5,7
The Godfathers of Hardcore,2017,Ian McFarland,2019-02-23,4.0,8
Legend of the Guardians,2010,Zack Snyder,2019-02-22,4.0,8
The Cabin in the Woods,2012,Drew Goddard,2019-02-22,3.0,6
Mother of Tears,2007,Dario Argento,2019-02-16,2.5,5
Colossal,2016,Nacho Vigalondo,2019-02-09,3.5,7
Inferno,1980,Dario Argento,2019-02-02,3.0,6
Moonrise Kingdom,2012,Wes Anderson,2019-02-01,3.5,7
Eight and a Half (8½),1963,Federico Fellini,2019-01-31,3.5,7
The Exterminating Angel,1962,Luis Buñuel,2019-01-26,3.5,7
To Be or Not to Be,1942,Ernst Lubitsch,2019-01-26,4.0,8
The Angry Birds Movie,2016,"Clay Kaytis, Fergal Reilly",2019-01-25,3.0,6
The 400 Blows,1959,François Truffaut,2019-01-17,3.5,7
The Boxtrolls,2014,"Graham Annable, Anthony Stacchi",2019-01-12,3.5,7
Suspiria,1977,Dario Argento,2018-12-31,3.5,7
Baby Driver,2017,Edgar Wright,2018-12-26,3.5,7
T2: Trainspotting,2017,Danny Boyle,2018-12-26,4.0,8
Swiss Army Man,2016,"Dan Kwan, Daniel Scheinert",2018-12-25,3.0,6
The Grinch,2018,"Yarrow Cheney, Scott Mosier",2018-12-25,3.0,6
Jiro Dreams of Sushi,2011,David Gelb,2018-12-25,4.0,8
Lucy,2014,Luc Besson,2018-12-24,3.0,6
Hugo,2011,Martin Scorsese,2018-12-24,4.0,8
The Incredibles 2,2018,Brad Bird,2018-12-23,3.5,7
Ralph Breaks the Internet,2018,"Rich Moore, Phil Johnston",2018-12-14,3.5,7
Ice Age: Collision Course,2016,"Mike Thurmeier, Galen T. Chu",2018-12-06,3.0,6
The Oxford Murders,2008,Álex de la Iglesia,2018-12-04,3.0,6
The Ballad of Buster Scruggs,2018,"Joel Coen, Ethan Coen",2018-12-01,3.0,6
"Lots of Kids, a Monkey and a Castle",2017,Gustavo Salmerón,2018-11-30,3.0,6
Hostel,2005,Eli Roth,2018-11-24,3.5,7
Ice Age,2002,"Chris Wedge, Carlos Saldanha",2018-11-23,3.5,7
Ice Age: Continental Drift,2012,"Steve Martino, Mike Thurmeier",2018-11-23,3.5,7
Wreck-It Ralph,2012,Rich Moore,2018-11-23,4.0,8
Isle of Dogs,2018,Wes Anderson,2018-11-23,4.0,8
Training Day,2001,Antoine Fuqua,2018-11-15,4.0,8
Flashdance,1983,Adrian Lyne,2018-11-10,4.0,8
El mundo es nuestro,2012,Alfonso Sánchez,2018-11-09,3.5,7
The Breakfast Club,1985,John Hughes,2018-11-03,4.0,8
Bohemian Rhapsody,2018,Bryan Singer,2018-11-02,4.0,8
Paranorman,2012,"Chris Butler, Sam Fell",2018-11-02,3.5,7
The Name of the Rose,1986,Jean-Jacques Annaud,2018-11-01,4.0,8
The Departed,2006,Martin Scorsese,2018-10-31,4.0,8
The Emperor's New Groove,2000,Mark Dindal,2018-10-31,4.0,8
A Monster Calls,2016,J.A. Bayona,2018-10-27,3.5,7
The Cabinet of Dr. Caligari,1920,Robert Wiene,2018-10-26,3.5,7
What We Do in the Shadows,2014,"Taika Waititi, Jemaine Clement",2018-10-20,4.5,9
Halloween,2007,Rob Zombie,2018-10-19,3.0,6
The Usual Suspects,1995,Bryan Singer,2018-10-18,4.0,8
The Purge,2013,James DeMonaco,2018-10-13,2.5,5
The Boy in the Striped Pajamas,2008,Mark Herman,2018-10-13,3.5,7
Titanic,1997,James Cameron,2018-10-13,3.0,6
The Pelican Brief,1993,Alan J. Pakula,2018-10-12,3.0,6
All the President's Men,1976,Alan J. Pakula,2018-10-12,3.5,7
State of Play,2009,Kevin Macdonald,2018-10-11,3.5,7
Get Out,2017,Jordan Peele,2018-10-11,3.5,7
What Have I Done to Deserve This?,1984,Pedro Almodóvar,2018-10-10,3.5,7
Train to Busan,2016,Yeon Sang-ho,2018-10-10,3.5,7
Halloween,1978,John Carpenter,2018-10-06,3.5,7
31,2016,Rob Zombie,2018-10-05,3.5,7
Cool Hand Luke,1967,Stuart Rosenberg,2018-10-04,4.0,8
Whisper of the Heart,1995,Yoshifumi Kondô,2018-10-04,4.0,8
A Streetcar Named Desire,1951,Elia Kazan,2018-10-03,3.5,7
Marrowbone,2017,Sergio G. Sánchez,2018-09-29,3.5,7
Only Yesterday,1991,Isao Takahata,2018-09-28,3.5,7
No Country for Old Men,2007,"Joel Coen, Ethan Coen",2018-09-27,3.5,7
The Breadwinner,2017,Nora Twomey,2018-09-23,3.5,7
Thor: Ragnarok,2017,Taika Waititi,2018-09-10,3.5,7
Jurassic World,2015,Colin Trevorrow,2018-09-10,3.0,6
Perfect Strangers,2017,Álex de la Iglesia,2018-07-30,3.5,7
The Girl Who Leapt Through Time,2006,Mamoru Hosoda,2018-07-29,3.5,7
The Cloverfield Paradox,2018,Julius Onah,2018-07-28,2.0,4
10 Cloverfield Lane,2016,Dan Trachtenberg,2018-07-27,3.0,6
Thor: The Dark World,2013,Alan Taylor,2018-06-30,3.5,7
Rebecca,1940,Alfred Hitchcock,2018-06-16,3.5,7
Cloverfield,2008,Matt Reeves,2018-06-15,2.5,5
The Great American Chase (The Bugs Bunny/Road-Runner Movie),1979,"Chuck Jones, Phil Monroe",2018-06-02,3.5,7
John Wick: Chapter Two,2017,Chad Stahelski,2018-05-31,3.0,6
Bright,2017,David Ayer,2018-05-26,3.0,6
Deadpool 2,2018,David Leitch,2018-05-26,3.5,7
Predestination,2014,"Michael Spierig, Peter Spierig",2018-05-19,3.5,7
The Physician,2013,Philipp Stölzl,2018-05-19,4.0,8
Argo,2012,Ben Affleck,2018-04-30,3.5,7
Avengers: Infinity War,2018,"Anthony Russo, Joe Russo",2018-04-28,3.5,7
Valerian and the City of a Thousand Planets,2017,Luc Besson,2018-04-01,3.5,7
The Blues Brothers,1980,John Landis,2018-03-30,4.0,8
The Killing of a Sacred Deer,2017,Yorgos Lanthimos,2018-03-29,3.0,6
Ready Player One,2018,Steven Spielberg,2018-03-29,3.5,7
Okja,2017,Bong Joon-ho,2018-03-24,4.0,8
Hellraiser,1987,Clive Barker,2018-03-16,3.5,7
Chasing Trane: The John Coltrane Documentary,2016,John Scheinfeld,2018-03-10,4.0,8
Apocalypto,2006,Mel Gibson,2018-02-24,3.5,7
Black Panther,2018,Ryan Coogler,2018-02-17,3.0,6
The Shape of Water,2017,Guillermo del Toro,2018-02-17,3.5,7
Your Name,2016,Makoto Shinkai,2018-02-15,3.5,7
Memoirs of a Geisha,2005,Rob Marshall,2018-02-03,3.5,7
Arrival,2016,Denis Villeneuve,2018-02-02,3.0,6
Willow,1988,Ron Howard,2018-02-02,3.5,7
Equilibrium,2002,Kurt Wimmer,2018-01-27,3.0,6
"Three Billboards Outside Ebbing, Missouri",2017,Martin McDonagh,2018-01-26,4.0,8
Samba,2014,"Olivier Nakache, Eric Toledano",2018-01-20,3.5,7
Sky Ladder: The Art of Cai Guo-Qiang,2016,Kevin Macdonald,2018-01-13,3.5,7
Poltergeist,1982,Tobe Hooper,2018-01-13,3.5,7
The Disaster Artist,2017,James Franco,2018-01-06,3.5,7
Raw,2016,Julia Ducournau,2018-01-05,3.0,6
The Room,2003,Tommy Wiseau,2018-01-04,1.5,3
The Black Panthers: Vanguard of the Revolution,2015,Stanley Nelson,2017-12-25,3.5,7
Star Wars: The Last Jedi,2017,Rian Johnson,2017-12-23,3.5,7
Zoolander No. 2,2016,Ben Stiller,2017-12-22,3.0,6
A Fish Called Wanda,1988,Charles Crichton,2017-12-20,3.5,7
The Deer Hunter,1978,Michael Cimino,2017-12-20,3.0,6
The Man From U.N.C.L.E.,2015,Guy Ritchie,2017-12-19,4.0,8
Turbo,2013,David Soren,2017-12-19,3.5,7
Room 237,2012,Rodney Ascher,2017-12-15,4.0,8
8 Mile,2002,Curtis Hanson,2017-12-06,3.5,7
Coco,2017,"Lee Unkrich, Adrián Molina",2017-12-05,4.0,8
Suicide Squad,2016,David Ayer,2017-12-02,3.0,6
The Great Escape,1963,John Sturges,2017-12-01,4.0,8
Wonder Woman,2017,Patty Jenkins,2017-11-25,3.0,6
Empire of the Sun,1987,Steven Spielberg,2017-11-18,3.5,7
Gravity,2013,Alfonso Cuarón,2017-10-21,2.0,4
Big Trouble in Little China,1986,John Carpenter,2017-10-14,3.5,7
Miss Peregrine's Home for Peculiar Children,2016,Tim Burton,2017-10-11,4.0,8
It,2017,Andy Muschietti,2017-10-09,3.5,7
Fantastic Beasts and Where to Find Them,2016,David Yates,2017-10-07,4.0,8
Warcraft,2016,Duncan Jones,2017-10-06,3.5,7
Blade Runner 2049,2017,Denis Villeneuve,2017-10-06,4.0,8
Rango,2011,Gore Verbinski,2017-09-30,3.0,6
Finding Dory,2016,"Andrew Stanton, Angus MacLane",2017-09-29,3.5,7
Kubo and the Two Strings,2016,Travis Knight,2017-09-28,4.0,8
Trolls,2016,Mike Mitchell,2017-09-24,3.5,7
Sing,2016,"Garth Jennings, Christophe Lourdelet",2017-09-23,4.0,8
Gattaca,1997,Andrew Niccol,2017-09-09,3.5,7
Death Note,2017,Adam Wingard,2017-09-08,2.0,4
Heat,1995,Michael Mann,2017-09-02,3.5,7
A History of Violence,2005,David Cronenberg,2017-09-01,3.5,7
Unbreakable,2000,M. Night Shyamalan,2017-08-26,3.5,7
Grimsby (The Brothers Grimsby),2016,Louis Leterrier,2017-08-25,3.5,7
Gold,2016,Stephen Gaghan,2017-08-23,3.5,7
Life,2017,Daniel Espinosa,2017-08-21,3.0,6
The Bar,2017,Álex de la Iglesia,2017-08-20,3.5,7
Alien: Covenant,2017,Ridley Scott,2017-08-19,3.5,7
Split,2016,M. Night Shyamalan,2017-08-04,3.5,7
Donnie Darko,2001,Richard Kelly,2017-07-15,3.5,7
Despicable Me 3,2017,"Kyle Balda, Pierre Coffin",2017-07-09,3.5,7
A Cure for Wellness,2017,Gore Verbinski,2017-07-01,4.0,8
Moana,2016,"John Musker, Ron Clements",2017-06-24,3.5,7
Black Snake Moan,2006,Craig Brewer,2017-06-23,3.0,6
Footloose,1984,Herbert Ross,2017-06-17,4.0,8
Guardians of the Galaxy Vol. 2,2017,James Gunn,2017-05-27,4.0,8
Deathgasm,2015,Jason Lei Howden,2017-05-06,3.5,7
The Bone Collector,1999,Phillip Noyce,2017-04-08,4.0,8
Eternal Sunshine of the Spotless Mind,2004,Michel Gondry,2017-04-08,4.0,8
The Dark Knight Rises,2012,Christopher Nolan,2017-04-01,4.0,8
Ghost in the Shell,2017,Rupert Sanders,2017-03-30,3.0,6
Mystic River,2003,Clint Eastwood,2017-03-25,4.0,8
Batman Begins,2005,Christopher Nolan,2017-03-24,4.0,8
Ex Machina,2015,Alex Garland,2017-03-18,4.0,8
Ghost in the Shell 2: Innocence,2004,Mamoru Oshii,2017-03-10,4.0,8
Eraserhead,1977,David Lynch,2017-03-10,3.0,6
American History X,1998,Tony Kaye,2017-03-04,4.5,9
Perfume: The Story of a Murderer,2006,Tom Tykwer,2017-02-25,4.0,8
He Never Died,2015,Jason Krawczyk,2017-02-11,2.0,4
Repo Man,1984,Alex Cox,2017-02-10,2.5,5
The Man Who Knew Too Much,1956,Alfred Hitchcock,2017-02-04,3.5,7
La La Land,2016,Damien Chazelle,2017-02-04,3.0,6
The Neon Demon,2016,Nicolas Winding Refn,2017-02-03,4.0,8
Lost River,2014,Ryan Gosling,2017-01-21,3.0,6
Invictus,2009,Clint Eastwood,2017-01-14,4.0,8
Johnny Got His Gun,1971,Dalton Trumbo,2017-01-07,3.5,7
The Shining,1980,Stanley Kubrick,2017-01-05,4.0,8
Close Encounters of the Third Kind,1977,Steven Spielberg,2016-12-31,3.5,7
The Accountant,2016,Gavin O'Connor,2016-12-28,3.5,7
Millennium Actress,2001,Satoshi Kon,2016-12-28,3.5,7
Atlantis: The Lost Empire,2001,"Gary Trousdale, Kirk Wise",2016-12-27,3.5,7
Dr. Seuss’ The Lorax,2012,"Chris Renaud, Kyle Balda",2016-12-27,3.5,7
The Girl with the Dragon Tattoo,2011,David Fincher,2016-12-27,3.0,6
The Imitation Game,2014,Morten Tyldum,2016-12-26,3.5,7
Rogue One: A Star Wars Story,2016,Gareth Edwards,2016-12-25,4.0,8
Top Secret!,1984,"Jim Abrahams, David Zucker",2016-12-25,3.5,7
Duck Soup,1933,Leo McCarey,2016-12-24,4.0,8
John Wick,2014,"Chad Stahelski, David Leitch",2016-12-23,3.5,7
Money Monster,2016,Jodie Foster,2016-12-10,3.5,7
Daft Punk Unchained,2015,Hervé Martin-Delpierre,2016-12-03,4.0,8
Repo Men,2010,Miguel Sapochnik,2016-12-02,3.5,7
The Lords of Salem,2012,Rob Zombie,2016-11-26,3.5,7
Rise of the Guardians,2012,Peter Ramsey,2016-11-19,3.5,7
Horton Hears a Who!,2008,"Jimmy Hayward, Steve Martino",2016-11-19,3.5,7
Coraline,2009,Henry Selick,2016-11-18,3.5,7
Megamind,2010,Tom McGrath,2016-11-12,3.5,7
Ghost in the Shell,1995,Mamoru Oshii,2016-11-11,4.0,8
The Towering Inferno,1974,"John Guillermin, Irwin Allen",2016-11-05,3.5,7
The Elephant Man,1980,David Lynch,2016-11-04,3.5,7
Highlander,1986,Russell Mulcahy,2016-10-28,3.0,6
Doctor Strange,2016,Scott Derrickson,2016-10-28,4.5,9
Turbo Kid,2015,"Anouk Whissell, François Simard",2016-10-22,3.0,6
Yoga Hosers,2016,Kevin Smith,2016-10-18,3.0,6
Mondays in the Sun,2002,Fernando Léon de Aranoa,2016-10-15,3.5,7
Sausage Party,2016,"Conrad Vernon, Greg Tiernan",2016-10-14,3.5,7
Interview With the Vampire,1994,Neil Jordan,2016-10-11,4.0,8
The General,1926,"Buster Keaton, Clyde Bruckman",2016-10-08,4.0,8
Kung Fury,2015,David Sandberg,2016-10-07,3.5,7
Ernest & Celestine,2012,"Benjamin Renner, Stéphane Aubier",2016-10-07,4.0,8
Mulholland Drive,2001,David Lynch,2016-10-01,3.5,7
The Good Dinosaur,2015,Peter Sohn,2016-09-30,3.5,7
Looper,2012,Rian Johnson,2016-09-30,3.0,6
12 Years a Slave,2013,Steve McQueen,2016-09-24,3.5,7
Tusk,2014,Kevin Smith,2016-09-09,4.0,8
The Grapes of Wrath,1940,John Ford,2016-08-26,3.5,7
American Pop,1981,Ralph Bakshi,2016-08-19,3.0,6
The Boy and the Beast,2015,Mamoru Hosoda,2016-08-06,4.0,8
The Secret Life of Pets,2016,"Chris Renaud, Yarrow Cheney",2016-08-05,3.5,7
The Road to El Dorado,2000,"Bibo Bergeron, Don Paul",2016-07-30,4.0,8
High-Rise,2015,Ben Wheatley,2016-07-29,3.5,7
Oldboy,2003,Park Chan-wook,2016-07-23,3.5,7
Eastern Promises,2007,David Cronenberg,2016-07-18,3.5,7
Song of the Sea,2014,Tomm Moore,2016-07-18,4.0,8
Wrinkles,2011,Ignacio Ferreras,2016-07-16,4.0,8
Harakiri,1962,Masaki Kobayashi,2016-07-15,3.0,6
Music Box,1989,Costa-Gavras,2016-07-09,3.5,7
Jaws,1975,Steven Spielberg,2016-06-25,4.0,8
Swing Kids,1993,Thomas Carter,2016-06-24,3.5,7
The Witch,2015,Robert Eggers,2016-06-23,2.0,4
Birdman,2014,Alejandro González Iñárritu,2016-06-23,3.0,6
Gone Girl,2014,David Fincher,2016-06-18,4.0,8
Alice Through the Looking Glass,2016,James Bobin,2016-06-17,3.5,7
The Jungle Book,2016,Jon Favreau,2016-06-11,3.5,7
Network,1976,Sidney Lumet,2016-05-27,3.5,7
Captain America: Civil War,2016,"Anthony Russo, Joe Russo",2016-05-14,3.0,6
Gangster Squad,2013,Ruben Fleischer,2016-04-15,3.5,7
I Origins,2014,Mike Cahill,2016-04-02,3.0,6
Basic Instinct,1992,Paul Verhoeven,2016-04-01,3.5,7
Spanish Affair 2,2015,Emilio Martínez-Lázaro,2016-03-31,3.0,6
The Seventh Seal,1957,Ingmar Bergman,2016-03-29,3.5,7
Batman v. Superman: Dawn of Justice,2016,Zack Snyder,2016-03-27,3.0,6
High Fidelity,2000,Stephen Frears,2016-03-26,3.5,7
Casino,1995,Martin Scorsese,2016-03-26,4.0,8
"Good Bye, Lenin!",2003,Wolfgang Becker,2016-03-25,3.0,6
The Warriors,1979,Walter Hill,2016-03-19,4.0,8
Martin (Hache),1997,Adolfo Aristarain,2016-03-18,3.5,7
Whiplash,2014,Damien Chazelle,2016-03-12,4.0,8
Tangled,2010,"Nathan Greno, Byron Howard",2016-03-05,3.5,7
Tokyo Godfathers,2003,"Satoshi Kon, Shôgo Furuya",2016-02-27,3.5,7
Deadpool,2016,Tim Miller,2016-02-26,3.5,7
Treasure Planet,2002,"John Musker, Ron Clements",2016-02-20,3.5,7
Witness for the Prosecution,1957,Billy Wilder,2016-02-19,4.5,9
Minions,2015,"Kyle Balda, Pierre Coffin",2016-02-13,3.5,7
Nightcrawler,2014,Dan Gilroy,2016-02-13,3.5,7
Barry Lyndon,1975,Stanley Kubrick,2016-02-12,4.0,8
Zootopia,2016,"Byron Howard, Rich Moore",2016-02-11,3.5,7
Mary and Max,2009,Adam Elliot,2016-02-06,4.0,8
Crimson Peak,2015,Guillermo del Toro,2016-02-05,3.5,7
The Hateful Eight,2015,Quentin Tarantino,2016-01-23,4.0,8
Thelma & Louise,1991,Ridley Scott,2016-01-09,3.5,7
Blue Is the Warmest Color,2013,Abdellatif Kechiche,2016-01-02,4.0,8
The Revenant,2015,Alejandro González Iñárritu,2015-12-25,3.5,7
Star Wars: The Force Awakens,2015,J.J. Abrams,2015-12-20,3.5,7
Akira,1988,Katsuhiro Ōtomo,2015-12-09,4.5,9
Hotel Transylvania 2,2015,Genndy Tartakovsky,2015-11-27,3.5,7
The Hangover Part III,2013,Todd Phillips,2015-11-14,2.5,5
Iron Sky,2012,Timo Vuorensola,2015-11-07,3.0,6
Persona,1966,Ingmar Bergman,2015-10-17,3.5,7
Super 8,2011,J.J. Abrams,2015-10-16,3.5,7
The Congress,2013,Ari Folman,2015-10-11,3.0,6
Pulp Fiction,1994,Quentin Tarantino,2015-10-11,4.5,9
Maze Runner: Scorch Trials,2015,Wes Ball,2015-10-02,3.0,6
American Beauty,1999,Sam Mendes,2015-09-12,4.5,9
Bram Stoker's Dracula,1992,Francis Ford Coppola,2015-09-11,4.0,8
Zodiac,2007,David Fincher,2015-09-09,3.0,6
Eyes Wide Shut,1999,Stanley Kubrick,2015-09-05,4.0,8
Judgment at Nuremberg,1961,Stanley Kramer,2015-09-04,3.5,7
For a Few Dollars More,1965,Sergio Leone,2015-08-29,3.5,7
Prometheus,2012,Ridley Scott,2015-08-28,3.0,6
Hotel Transylvania,2012,Genndy Tartakovsky,2015-08-22,3.5,7
Pixels,2015,Chris Columbus,2015-08-21,3.5,7
Flags of Our Fathers,2006,Clint Eastwood,2015-08-08,3.0,6
Rope,1948,Alfred Hitchcock,2015-08-07,4.0,8
The NeverEnding Story,1984,Wolfgang Petersen,2015-08-07,3.5,7
Sucker Punch,2011,Zack Snyder,2015-08-05,3.5,7
Exit Wounds,2001,Andrzej Bartkowiak,2015-08-05,2.5,5
To Live,1952,Akira Kurosawa,2015-08-03,3.5,7
The Fifth Element,1997,Luc Besson,2015-08-02,4.0,8
Jesus Christ Vampire Hunter,2001,Lee Demarbre,2015-08-02,2.5,5
Goodfellas,1990,Martin Scorsese,2015-08-01,4.0,8
The Game,1997,David Fincher,2015-08-01,4.0,8
Kung Fu Hustle,2004,Stephen Chow,2015-08-01,4.0,8
Shaolin Soccer,2001,Stephen Chow,2015-08-01,3.0,6
Inside Out,2015,"Pete Docter, Ronaldo Del Carmen",2015-07-28,4.5,9
Only God Forgives,2013,Nicolas Winding Refn,2015-06-23,3.0,6
The Troll Hunter,2010,André Øvredal,2015-06-18,3.0,6
The Devil's Rejects,2005,Rob Zombie,2015-05-23,3.5,7
A Fistful of Dollars,1964,Sergio Leone,2015-05-16,4.0,8
Pink Flamingos,1972,John Waters,2015-05-16,3.0,6
Avengers: Age of Ultron,2015,Joss Whedon,2015-05-16,3.5,7
Mad Max: Fury Road,2015,George Miller,2015-05-14,4.0,8
Coherence,2013,James Ward Byrkit,2015-05-09,3.5,7
The Hangover Part II,2011,Todd Phillips,2015-05-09,3.5,7
Carnage,2011,Roman Polanski,2015-05-02,4.0,8
Fando and Lis,1968,Alejandro Jodorowsky,2015-04-30,3.0,6
The Maltese Falcon,1941,John Huston,2015-04-25,3.5,7
The Rocky Horror Picture Show,1975,Jim Sharman,2015-04-25,4.0,8
Mad Max Beyond Thunderdome,1985,"George Miller, George Ogilvie",2015-04-24,3.5,7
Kingsman: The Secret Service,2014,Matthew Vaughn,2015-04-11,4.0,8
Letters From Iwo Jima,2006,Clint Eastwood,2015-04-05,2.5,5
Searching for Sugar Man,2012,Malik Bendjelloul,2015-04-05,4.0,8
12 Angry Men,1957,Sidney Lumet,2015-04-04,4.5,9
The Machinist,2004,Brad Anderson,2015-04-04,3.5,7
Million Dollar Baby,2004,Clint Eastwood,2015-04-04,4.0,8
Kill Bill: Volume 2,2004,Quentin Tarantino,2015-04-02,4.0,8
The Wall,1982,Alan Parker,2015-04-02,3.5,7
Sunset Boulevard,1950,Billy Wilder,2015-04-01,4.5,9
Her,2013,Spike Jonze,2015-03-21,4.0,8
Home,2015,Tim Johnson,2015-03-21,3.0,6
American Gangster,2007,Ridley Scott,2015-03-20,3.5,7
Kill Bill: Volume 1,2003,Quentin Tarantino,2015-03-14,4.0,8
Control,2007,Anton Corbijn,2015-03-07,4.5,9
Welcome Mr. Marshall,1953,Luis García Berlanga,2015-03-07,3.5,7
Fargo,1996,Joel Coen,2015-03-06,3.5,7
Persepolis,2007,"Marjane Satrapi, Vincent Paronnaud",2015-02-28,4.0,8
Torrente 5: Operación Eurovegas,2014,Santiago Segura,2015-02-21,3.0,6
Army of Darkness (Evil Dead 3),1992,Sam Raimi,2015-02-21,3.5,7
All Dogs Go to Heaven,1989,"Don Bluth, Gary Goldman",2015-02-14,3.0,6
Serial (Bad) Weddings,2014,Philippe de Chauveron,2015-02-14,3.5,7
House of 1000 Corpses,2003,Rob Zombie,2015-02-14,3.5,7
Jupiter Ascending,2015,"Lilly Wachowski, Lana Wachowski",2015-02-06,3.5,7
The Mask,1994,Chuck Russell,2015-02-06,4.0,8
Fist of the North Star,1986,Toyoo Ashida,2015-02-01,3.5,7
Dark City,1998,Alex Proyas,2015-01-31,3.5,7
Evil Dead II,1987,Sam Raimi,2015-01-31,3.0,6
Grindhouse (Death Proof),2007,Quentin Tarantino,2015-01-31,4.0,8
Pacific Rim,2013,Guillermo del Toro,2015-01-10,3.5,7
Saturday Night Fever,1977,John Badham,2015-01-04,3.5,7
The Intouchables,2011,"Olivier Nakache, Eric Toledano",2015-01-03,4.0,8
Big Hero 6,2014,"Chris Williams, Don Hall",2015-01-02,4.0,8
The Great Dictator,1940,Charles Chaplin,2015-01-01,4.0,8
The Godfather: Part III,1990,Francis Ford Coppola,2014-12-31,4.0,8
The World's End,2013,Edgar Wright,2014-12-27,3.5,7
Little Nemo: Adventures in Slumberland,1989,"Masami Hata, William T. Hurtz",2014-12-25,4.0,8
Cinema Paradiso,1988,Giuseppe Tornatore,2014-12-25,4.0,8
The Godfather: Part II,1974,Francis Ford Coppola,2014-12-25,3.5,7
The Boat,1981,Wolfgang Petersen,2014-12-23,3.0,6
The Hobbit: The Battle of the Five Armies,2014,Peter Jackson,2014-12-22,4.0,8
The Wolf of Wall Street,2013,Martin Scorsese,2014-12-22,3.5,7
Dumb and Dumber (Dumb & Dumber),1994,"Peter Farrelly, Bobby Farrelly",2014-12-10,3.0,6
Interstellar,2014,Christopher Nolan,2014-11-29,4.0,8
Hot Fuzz,2007,Edgar Wright,2014-11-07,4.0,8
Shaun of the Dead,2004,Edgar Wright,2014-11-07,4.0,8
Water Drops on Burning Rocks,2000,François Ozon,2014-11-06,3.5,7
Breakfast at Tiffany's,1961,Blake Edwards,2014-11-01,4.5,9
Begin Again,2013,John Carney,2014-10-25,4.5,9
Ninja Scroll,1993,Yoshiaki Kawajiri,2014-10-18,4.0,8
Torrente 3,2005,Santiago Segura,2014-10-15,2.5,5
Torrente 2: Mission in Marbella,2001,Santiago Segura,2014-10-15,3.0,6
"Torrente, el brazo tonto de la ley",1998,Santiago Segura,2014-10-15,3.0,6
The Evil Dead,1981,Sam Raimi,2014-10-11,3.0,6
Muertos de risa,1999,Álex de la Iglesia,2014-10-11,2.5,5
Torrente 4: Lethal Crisis (Crisis Letal),2011,Santiago Segura,2014-10-11,2.5,5
Metalhead,2013,Ragnar Bragason,2014-10-10,4.0,8
The Mission,1986,Roland Joffé,2014-10-09,3.5,7
The Maze Runner,2014,Wes Ball,2014-09-27,4.0,8
Modern Times,1936,Charles Chaplin,2014-09-23,4.0,8
Blade Runner,1982,Ridley Scott,2014-09-20,3.5,7
Justin & the Knights of Valour (Justin and the Knights of Valour),2013,Manuel Sicilia,2014-09-20,3.0,6
The 13th Warrior,1999,John McTiernan,2014-09-13,3.5,7
Hercules,2014,Brett Ratner,2014-09-13,3.0,6
The Legend of Hercules,2014,Renny Harlin,2014-09-13,2.0,4
Once Upon a Time in America,1984,Sergio Leone,2014-09-13,4.0,8
Quest for Camelot,1998,Frederik Du Chau,2014-09-12,3.5,7
Django Unchained,2012,Quentin Tarantino,2014-09-06,4.0,8
The Princess and the Frog,2009,"John Musker, Ron Clements",2014-08-30,3.5,7
Braindead,1992,Peter Jackson,2014-08-30,3.5,7
The Lawnmower Man,1992,Brett Leonard,2014-08-29,3.5,7
Guardians of the Galaxy,2014,James Gunn,2014-08-23,4.0,8
Abraham Lincoln: Vampire Hunter,2012,Timur Bekmambetov,2014-08-22,2.0,4
Pompeii,2014,Paul W.S. Anderson,2014-08-21,3.0,6
Bolt,2008,"Chris Williams, Byron Howard",2014-08-18,3.5,7
How to Train Your Dragon 2,2014,Dean DeBlois,2014-08-16,4.0,8
L.A. Confidential,1997,Curtis Hanson,2014-08-16,4.0,8
Role Models,2008,David Wain,2014-08-16,3.0,6
The Ugly Truth,2009,Robert Luketic,2014-08-15,3.0,6
Gamer,2009,"Mark Neveldine, Brian Taylor",2014-08-15,3.5,7
Law Abiding Citizen,2009,F. Gary Gray,2014-08-13,4.5,9
The Treasure of the Sierra Madre,1948,John Huston,2014-08-12,4.0,8
Space Jam,1996,Joe Pytka,2014-08-11,3.5,7
Battle Royale,2000,Kinji Fukasaku,2014-08-11,4.0,8
Burn After Reading,2008,"Joel Coen, Ethan Coen",2014-08-11,3.5,7
The Truman Show,1998,Peter Weir,2014-08-11,4.0,8
Dead Poets Society,1989,Peter Weir,2014-08-11,4.0,8
Frozen,2013,"Chris Buck, Jennifer Lee",2014-08-10,3.5,7
Three Many Weddings,2013,Javier Ruiz Caldera,2014-08-10,3.0,6
Ender's Game,2013,Gavin Hood,2014-08-10,3.0,6
X-Men: Days of Future Past,2014,Bryan Singer,2014-08-10,3.5,7
The Grand Budapest Hotel,2014,Wes Anderson,2014-08-10,3.0,6
The Wolverine,2013,James Mangold,2014-08-10,3.0,6
I Am Legend,2007,Francis Lawrence,2014-08-10,2.5,5
Captain America: The Winter Soldier,2014,"Anthony Russo, Joe Russo",2014-08-10,3.5,7
Captain America: The First Avenger,2011,Joe Johnston,2014-08-10,3.0,6
Solomon Kane,2009,M.J. Bassett,2014-08-10,2.5,5
Drive,2011,Nicolas Winding Refn,2014-08-10,3.5,7
The King's Speech,2010,Tom Hooper,2014-08-10,4.0,8
Rashomon,1950,Akira Kurosawa,2014-08-10,3.5,7
300: Rise of an Empire,2014,Noam Murro,2014-08-10,3.5,7
Meet the Spartans,2008,"Jason Friedberg, Aaron Seltzer",2014-08-10,2.0,4
300,2006,Zack Snyder,2014-08-10,4.0,8
Taking Lives,2004,D.J. Caruso,2014-08-10,3.5,7
Project X,2012,Nima Nourizadeh,2014-08-10,3.0,6
The Wave,2008,Dennis Gansel,2014-08-10,4.0,8
Thor,2011,Kenneth Branagh,2014-08-10,3.0,6
Chinatown,1974,Roman Polanski,2014-08-10,3.5,7
The Untouchables,1987,Brian De Palma,2014-08-10,5.0,10
The Hunger Games: Catching Fire,2013,Francis Lawrence,2014-08-10,3.0,6
The Hunger Games,2012,Gary Ross,2014-08-10,3.5,7
What Lies Beneath,2000,Robert Zemeckis,2014-08-10,3.5,7
jOBS,2013,Joshua Michael Stern,2014-08-10,3.5,7
The Adjustment Bureau,2011,George Nolfi,2014-08-10,3.0,6
Labyrinth,1986,Jim Henson,2014-08-10,4.0,8
Cape Fear,1991,Martin Scorsese,2014-08-10,4.0,8
Raging Bull,1980,Martin Scorsese,2014-08-10,4.0,8
The Lone Ranger,2013,Gore Verbinski,2014-08-10,4.0,8
Murder by Death,1976,Robert Moore,2014-08-10,4.5,9
The Terminator,1984,James Cameron,2014-08-10,4.0,8
Crash,2004,Paul Haggis,2014-08-10,3.5,7
A Perfect Murder,1998,Andrew Davis,2014-08-10,3.5,7
City of Ember,2008,Gil Kenan,2014-08-10,3.0,6
World War Z,2013,Marc Forster,2014-08-10,3.5,7
Predator,1987,John McTiernan,2014-08-10,3.5,7
Lethal Weapon,1987,Richard Donner,2014-08-10,3.5,7
Dredd,2012,Pete Travis,2014-08-10,4.0,8
Some Like It Hot,1959,Billy Wilder,2014-08-10,4.0,8
The Croods,2013,"Kirk De Micco, Chris Sanders",2014-08-10,3.5,7
Red 2,2013,Dean Parisot,2014-08-10,3.5,7
Red,2010,Robert Schwentke,2014-08-10,3.5,7
To Kill a Mockingbird,1962,Robert Mulligan,2014-08-10,3.0,6
The Butterfly Effect,2004,"Eric Bress, J. Mackye Gruber",2014-08-10,4.0,8
The Third Man,1949,Carol Reed,2014-08-10,4.5,9
Gothika,2003,Mathieu Kassovitz,2014-08-10,3.5,7
The Visitors,1993,Jean-Marie Poiré,2014-08-10,3.5,7
M,1931,Fritz Lang,2014-08-10,3.5,7
Tears of the Sun,2003,Antoine Fuqua,2014-08-10,3.5,7
Riki-Oh: The Story of Ricky,1991,Lam Nai-Choi,2014-08-10,3.0,6
Doomsday,2008,Neil Marshall,2014-08-10,3.0,6
Lucky Number Slevin,2006,Paul McGuigan,2014-08-10,4.0,8
Interstella 5555: The 5tory of the 5ecret 5tar 5ystem,2003,Kazuhisa Takenouchi,2014-08-10,5.0,10
Mr. Nobody,2009,Jaco Van Dormael,2014-08-10,3.5,7
City Lights,1931,Charles Chaplin,2014-08-10,4.0,8
Requiem for a Dream,2000,Darren Aronofsky,2014-08-10,4.0,8
Aliens,1986,James Cameron,2014-08-10,3.5,7
Red Lights,2012,Rodrigo Cortés,2014-08-10,3.5,7
Paths of Glory,1957,Stanley Kubrick,2014-08-10,3.5,7
Lawrence of Arabia,1962,David Lean,2014-08-10,4.0,8
Apocalypse Now,1979,Francis Ford Coppola,2014-08-10,4.5,9
It's a Wonderful Life,1946,Frank Capra,2014-08-10,4.0,8
Once Upon a Time in the West,1968,Sergio Leone,2014-08-10,3.5,7
The Shawshank Redemption,1994,Frank Darabont,2014-08-10,4.5,9
The Hobbit: The Desolation of Smaug,2013,Peter Jackson,2014-08-10,3.5,7
The Hobbit: An Unexpected Journey,2012,Peter Jackson,2014-08-10,4.0,8
One point 0,2004,"Jeff Renfroe, Marteinn Thorsson",2014-08-10,3.0,6
Frenzy,1972,Alfred Hitchcock,2014-08-10,4.0,8
"Dr. Strangelove, or How I Learned to Stop Worrying and Love the Bomb",1964,Stanley Kubrick,2014-08-10,3.5,7
Dial M for Murder,1954,Alfred Hitchcock,2014-08-10,4.0,8
Open Your Eyes,1997,Alejandro Amenábar,2014-08-10,4.0,8
Case 39,2009,Christian Alvart,2014-08-10,3.0,6
Fire and Ice,1983,Ralph Bakshi,2014-08-10,3.5,7
Citizen Kane,1941,Orson Welles,2014-08-10,4.0,8
Brave,2012,"Mark Andrews, Brenda Chapman",2014-08-10,4.0,8
A Night at the Opera,1935,Sam Wood,2014-08-10,4.0,8
The Avengers,2012,Joss Whedon,2014-08-10,3.5,7
Black Swan,2010,Darren Aronofsky,2014-08-10,4.0,8
Borat: Cultural Learnings of America for Make Benefit Glorious Nation of Kazakhstan,2006,Larry Charles,2014-08-10,3.0,6
Ali G Indahouse,2002,Mark Mylod,2014-08-10,3.0,6
The Dictator,2012,Larry Charles,2014-08-10,3.0,6
Vertigo,1958,Alfred Hitchcock,2014-08-10,4.0,8
Thesis,1996,Alejandro Amenábar,2014-08-10,4.0,8
Seven Samurai,1954,Akira Kurosawa,2014-08-10,4.5,9
Erreway: 4 caminos,2004,Ezequiel Crupnicoff,2014-08-10,0.5,1
"The Good, the Bad and the Ugly",1966,Sergio Leone,2014-08-10,4.5,9
Sherlock Holmes: A Game of Shadows (Sherlock Holmes 2),2011,Guy Ritchie,2014-08-10,3.5,7
Sherlock Holmes,2009,Guy Ritchie,2014-08-10,3.5,7
Rear Window,1954,Alfred Hitchcock,2014-08-10,4.0,8
The Devil Inside,2012,William Brent Bell,2014-08-10,2.5,5
Léon: The Professional,1994,Luc Besson,2014-08-10,4.0,8
Seven,1995,David Fincher,2014-08-10,4.5,9
Mallrats,1995,Kevin Smith,2014-08-10,3.5,7
Lilly the Witch: The Dragon and the Magic Book,2009,Stefan Ruzowitzky,2014-08-10,2.5,5
North by Northwest,1959,Alfred Hitchcock,2014-08-10,4.5,9
Falling Down,1993,Joel Schumacher,2014-08-10,3.5,7
The Goonies,1985,Richard Donner,2014-08-10,4.0,8
Angel Heart,1987,Alan Parker,2014-08-10,3.5,7
Wasabi,2001,Gérard Krawczyk,2014-08-10,3.5,7
Puss in Boots,2011,Chris Miller,2014-08-10,3.5,7
The Warrior's Way,2010,Sngmoo Lee,2014-08-10,3.0,6
Videodrome,1983,David Cronenberg,2014-08-10,3.5,7
Fantastic Mr. Fox,2009,Wes Anderson,2014-08-10,3.5,7
Buried,2010,Rodrigo Cortés,2014-08-10,3.5,7
The Bodyguard,1992,Mick Jackson,2014-08-10,3.0,6
Extreme Measures,1996,Michael Apted,2014-08-10,3.5,7
28 Weeks Later,2007,Juan Carlos Fresnadillo,2014-08-10,3.5,7
Young Frankenstein,1974,Mel Brooks,2014-08-10,4.0,8
Defendor,2009,Peter Stebbings,2014-08-10,3.0,6
Office Space,1999,Mike Judge,2014-08-10,3.0,6
The Wild Hunt,2009,Alexandre Franchi,2014-08-10,3.0,6
Taxi Driver,1976,Martin Scorsese,2014-08-10,5.0,10
Sneakers,1992,Phil Alden Robinson,2014-08-10,3.5,7
Blue Velvet,1986,David Lynch,2014-08-10,4.0,8
"Lock, Stock and Two Smoking Barrels",1998,Guy Ritchie,2014-08-10,4.0,8
WarGames,1983,John Badham,2014-08-10,4.0,8
RocknRolla,2008,Guy Ritchie,2014-08-10,4.0,8
Metropolis,2001,Rintaro,2014-08-10,3.5,7
The Birds,1963,Alfred Hitchcock,2014-08-10,3.5,7
Braveheart,1995,Mel Gibson,2014-08-10,4.5,9
History of the World: Part I,1981,Mel Brooks,2014-08-10,3.5,7
American Psycho,2000,Mary Harron,2014-08-10,4.0,8
Fear and Loathing in Las Vegas,1998,Terry Gilliam,2014-08-10,4.0,8
Top Gun,1986,Tony Scott,2014-08-10,3.5,7
Pay It Forward,2000,Mimi Leder,2014-08-10,3.5,7
2001: A Space Odyssey,1968,Stanley Kubrick,2014-08-10,3.5,7
Little Miss Sunshine,2006,"Jonathan Dayton, Valerie Faris",2014-08-10,4.0,8
Nacho Libre,2006,Jared Hess,2014-08-10,3.0,6
Surrogates,2009,Jonathan Mostow,2014-08-10,3.0,6
Rio,2011,Carlos Saldanha,2014-08-10,3.0,6
The Lords of Dogtown,2005,Catherine Hardwicke,2014-08-10,3.5,7
Heavy Metal 2000,2000,"Michael Coldewey, Michel Lemire",2014-08-10,3.5,7
Heavy Metal,1981,Gerald Potterton,2014-08-10,3.5,7
Being John Malkovich,1999,Spike Jonze,2014-08-10,4.0,8
Scott Pilgrim vs. the World,2010,Edgar Wright,2014-08-10,3.5,7
Legion,2010,Scott Stewart,2014-08-10,2.0,4
Metropolis,1927,Fritz Lang,2014-08-10,4.0,8
Tenacious D: The Pick of Destiny,2006,Liam Lynch,2014-08-10,3.5,7
Conan the Destroyer,1984,Richard Fleischer,2014-08-10,3.5,7
Perfect Blue,1997,Satoshi Kon,2014-08-10,4.0,8
Paprika,2006,Satoshi Kon,2014-08-10,4.0,8
Anvil! The Story of Anvil,2008,Sacha Gervasi,2014-08-10,4.0,8
The Sting,1973,George Roy Hill,2014-08-10,4.5,9
Casablanca,1942,Michael Curtiz,2014-08-10,4.0,8
12 Monkeys,1995,Terry Gilliam,2014-08-10,3.0,6
The Prestige,2006,Christopher Nolan,2014-08-10,4.0,8
Conan the Barbarian,1982,John Milius,2014-08-10,4.0,8
Road to Perdition,2002,Sam Mendes,2014-08-10,3.5,7
The Gruffalo,2009,"Max Lang, Jakob Schuh",2014-08-10,3.5,7
The Last Samurai,2003,Edward Zwick,2014-08-10,4.0,8
Ong Bak 3,2010,"Tony Jaa, Panna Rittikrai",2014-08-10,3.0,6
Hoodwinked,2005,"Cory Edwards, Todd Edwards",2014-08-10,3.0,6
Clerks II,2006,Kevin Smith,2014-08-10,3.5,7
Clerks,1994,Kevin Smith,2014-08-10,4.0,8
TRON: Legacy,2010,Joseph Kosinski,2014-08-10,4.0,8
Zombieland,2009,Ruben Fleischer,2014-08-10,3.5,7
The Crow,1994,Alex Proyas,2014-08-10,4.0,8
Airheads,1994,Michael Lehmann,2014-08-10,3.0,6
"Amanece, que no es poco",1989,José Luis Cuerda,2014-08-10,4.0,8
Pi: Faith in Chaos,1998,Darren Aronofsky,2014-08-10,2.5,5
9,2009,Shane Acker,2014-08-10,3.5,7
The Social Network,2010,David Fincher,2014-08-10,3.5,7
Star Trek: Nemesis,2002,Stuart Baird,2014-08-10,3.0,6
The Basketball Diaries,1995,Scott Kalvert,2014-08-10,4.0,8
Cube Zero,2004,Ernie Barbarash,2014-08-10,3.5,7
Cube 2: Hypercube,2002,Andrzej Sekula,2014-08-10,3.0,6
Cube,1997,Vincenzo Natali,2014-08-10,4.5,9
The Italian Job,1969,Peter Collinson,2014-08-10,4.0,8
Waiting...,2005,Rob McKittrick,2014-08-10,2.5,5
The Day of the Beast,1995,Álex de la Iglesia,2014-08-10,4.0,8
Full Metal Jacket,1987,Stanley Kubrick,2014-08-10,4.0,8
Saw,2004,James Wan,2014-08-10,4.0,8
The Killing,1956,Stanley Kubrick,2014-08-10,4.5,9
Where the Wild Things Are,2009,Spike Jonze,2014-08-10,4.0,8
This Boy's Life,1993,Michael Caton-Jones,2014-08-10,4.0,8
G.I. Joe: The Rise of Cobra,2009,Stephen Sommers,2014-08-10,2.5,5
Life Is Beautiful,1997,Roberto Benigni,2014-08-10,4.5,9
Idiocracy,2006,Mike Judge,2014-08-10,3.5,7
Dogma,1999,Kevin Smith,2014-08-10,4.0,8
The Godfather,1972,Francis Ford Coppola,2014-08-10,4.5,9
Memento,2000,Christopher Nolan,2014-08-10,4.0,8
The Italian Job,2003,F. Gary Gray,2014-08-10,3.5,7
The Tourist,2010,Florian Henckel von Donnersmarck,2014-08-10,3.5,7
Patton,1970,Franklin J. Schaffner,2014-08-10,4.0,8
What's Eating Gilbert Grape?,1993,Lasse Hallström,2014-08-10,3.5,7
This Is England,2006,Shane Meadows,2014-08-10,3.5,7
Scarface,1983,Brian De Palma,2014-08-10,4.0,8
El milagro de P. Tinto,1998,Javier Fesser,2014-08-10,3.5,7
The Imaginarium of Doctor Parnassus,2009,Terry Gilliam,2014-08-10,4.0,8
Hard Candy,2005,David Slade,2014-08-10,4.0,8
A Night at the Roxbury,1998,John Fortenberry,2014-08-10,3.5,7
Antitrust,2001,Peter Howitt,2014-08-10,3.5,7
Master and Commander: The Far Side of the World,2003,Peter Weir,2014-08-10,2.5,5
Enemy at the Gates,2001,Jean-Jacques Annaud,2014-08-10,4.0,8
The Downfall: Hitler and the End of the Third Reich,2004,Oliver Hirschbiegel,2014-08-10,3.0,6
Fight Club,1999,David Fincher,2014-08-10,4.5,9
One Flew Over the Cuckoo's Nest,1975,Milos Forman,2014-08-10,4.0,8
The Chronicles of Riddick,2004,David Twohy,2014-08-10,3.5,7
Minority Report,2002,Steven Spielberg,2014-08-10,3.5,7
Almost Famous,2000,Cameron Crowe,2014-08-10,4.5,9
The Year One,2009,Harold Ramis,2014-08-10,2.5,5
Transformers: Dark of the Moon,2011,Michael Bay,2014-08-10,3.0,6
Transformers: Revenge of the Fallen,2009,Michael Bay,2014-08-10,3.0,6
Transformers,2007,Michael Bay,2014-08-10,3.5,7
Kárate a muerte en Torremolinos,2003,Pedro Temboury,2014-08-10,3.0,6
The Iron Giant,1999,Brad Bird,2014-08-10,3.0,6
Grindhouse (Planet Terror),2007,Robert Rodriguez,2014-08-10,3.5,7
Hotel Rwanda,2004,Terry George,2014-08-10,3.5,7
Elite Squad,2007,José Padilha,2014-08-10,4.0,8
Astro Boy (Astroboy),2009,David Bowers,2014-08-10,3.0,6
The Chronicles of Riddick: Dark Fury,2004,Peter Chung,2014-08-10,3.0,6
The Chronicles of Narnia: The Voyage of the Dawn Treader,2010,Michael Apted,2014-08-10,3.5,7
The Chronicles of Narnia: Prince Caspian,2008,Andrew Adamson,2014-08-10,3.5,7
"The Chronicles of Narnia: The Lion, The Witch and the Wardrobe",2005,Andrew Adamson,2014-08-10,3.5,7
To Hell with the Ugly,2010,Nacho G. Velilla,2014-08-10,3.0,6
The Expendables,2010,Sylvester Stallone,2014-08-10,3.0,6
Night at the Museum: Battle of the Smithsonian,2009,Shawn Levy,2014-08-10,3.0,6
Night at the Museum,2006,Shawn Levy,2014-08-10,3.5,7
Gremlins 2: The New Batch,1990,Joe Dante,2014-08-10,3.0,6
Gremlins,1984,Joe Dante,2014-08-10,4.0,8
Machete,2010,"Robert Rodriguez, Ethan Maniquis",2014-08-10,3.5,7
The Hole,2001,Nick Hamm,2014-08-10,4.0,8
Alien,1979,Ridley Scott,2014-08-10,4.0,8
Rosemary's Baby,1968,Roman Polanski,2014-08-10,4.0,8
The Secret,2006,Drew Heriot,2014-08-10,3.0,6
District 9,2009,Neill Blomkamp,2014-08-10,4.0,8
Schindler's List,1993,Steven Spielberg,2014-08-10,4.5,9
Kick-Ass,2010,Matthew Vaughn,2014-08-10,3.5,7
The Island,2005,Michael Bay,2014-08-10,3.0,6
Trainspotting,1996,Danny Boyle,2014-08-10,4.5,9
Psycho,1960,Alfred Hitchcock,2014-08-10,4.5,9
Pitch Black,2000,David Twohy,2014-08-10,4.0,8
Heartbreak Ridge,1986,Clint Eastwood,2014-08-10,4.5,9
The Secret of Kells,2009,"Tomm Moore, Nora Twomey",2014-08-10,5.0,10
The Hangover,2009,Todd Phillips,2014-08-10,3.5,7
Despicable Me 2,2013,"Pierre Coffin, Chris Renaud",2014-08-10,4.0,8
Despicable Me,2010,"Pierre Coffin, Chris Renaud",2014-08-10,4.0,8
Salt,2010,Phillip Noyce,2014-08-10,2.5,5
Cell 211,2009,Daniel Monzón,2014-08-10,3.5,7
8MM,1999,Joel Schumacher,2014-08-10,4.0,8
Zack and Miri Make a Porno,2008,Kevin Smith,2014-08-10,3.0,6
Dawn of the Dead,2004,Zack Snyder,2014-08-10,3.5,7
Brüno,2009,Larry Charles,2014-08-10,3.0,6
From Paris with Love,2010,Pierre Morel,2014-08-10,4.0,8
Swordfish,2001,Dominic Sena,2014-08-10,3.5,7
Iron Maiden - Flight 666: The film,2009,"Sam Dunn, Scot McFadyen",2014-08-10,4.0,8
Ong Bak 2,2008,"Tony Jaa, Panna Rittikrai",2014-08-10,3.0,6
Ong Bak: Muay Thai Warrior,2003,Prachya Pinkaew,2014-08-10,3.0,6
Monsters vs. Aliens,2009,"Rob Letterman, Conrad Vernon",2014-08-10,2.5,5
Tekkonkinkreet,2006,Michael Arias,2014-08-10,4.0,8
Snatch,2000,Guy Ritchie,2014-08-10,4.5,9
Inception,2010,Christopher Nolan,2014-08-10,4.5,9
The Return of the Pink Panther,1975,Blake Edwards,2014-08-10,3.5,7
The Big Lebowski,1998,Joel Coen,2014-08-10,4.0,8
28 Days Later,2002,Danny Boyle,2014-08-10,3.5,7
The Party,1968,Blake Edwards,2014-08-10,4.5,9
Prince of Persia: The Sands of Time,2010,Mike Newell,2014-08-10,3.0,6
Alice in Wonderland,2010,Tim Burton,2014-08-10,3.5,7
Lesbian Vampire Killers,2009,Phil Claydon,2014-08-10,2.5,5
Spanish Movie,2009,Javier Ruiz Caldera,2014-08-10,2.5,5
Shutter Island,2010,Martin Scorsese,2014-08-10,4.0,8
D-War (Dragon Wars),2007,Shim Hyung-rae,2014-08-10,2.0,4
How to Train Your Dragon,2010,"Dean DeBlois, Chris Sanders",2014-08-10,3.5,7
Surf Nazis Must Die,1987,Peter George,2014-08-10,2.0,4
The Men Who Stare at Goats,2009,Grant Heslov,2014-08-10,3.0,6
Percy Jackson & the Olympians: The Lightning Thief,2010,Chris Columbus,2014-08-10,3.0,6
Cashback,2006,Sean Ellis,2014-08-10,4.0,8
Avatar,2009,James Cameron,2014-08-10,3.5,7
The Longest Penalty Shot in the World,2005,Roberto Santiago,2014-08-10,3.0,6
Planet 51,2009,"Jorge Blanco, Javier Abad",2014-08-10,3.0,6
The Last Legion,2007,Doug Lefler,2014-08-10,2.5,5
The Princess Bride,1987,Rob Reiner,2014-08-10,4.5,9
The Bourne Ultimatum,2007,Paul Greengrass,2014-08-10,4.0,8
The Bourne Supremacy,2004,Paul Greengrass,2014-08-10,4.0,8
The Bourne Identity,2002,Doug Liman,2014-08-10,4.0,8
Valkyrie,2008,Bryan Singer,2014-08-10,3.5,7
The Silence of the Lambs,1991,Jonathan Demme,2014-08-10,4.0,8
The Illusionist,2006,Neil Burger,2014-08-10,4.0,8
Gladiator,2000,Ridley Scott,2014-08-10,4.5,9
Seven Pounds,2008,Gabriele Muccino,2014-08-10,4.0,8
Up,2009,"Pete Docter, Bob Peterson",2014-08-10,4.0,8
Manolito Four Eyes,1999,Miguel Albaladejo,2014-08-10,2.5,5
Back to the Future. Part III,1990,Robert Zemeckis,2014-08-10,4.0,8
Back to the Future. Part II,1989,Robert Zemeckis,2014-08-10,4.0,8
Back to the Future,1985,Robert Zemeckis,2014-08-10,4.0,8
E.T.: The Extra-Terrestrial,1982,Steven Spielberg,2014-08-10,4.0,8
The Pianist,2002,Roman Polanski,2014-08-10,4.0,8
The Hitchhiker's Guide to the Galaxy,2005,Garth Jennings,2014-08-10,4.0,8
The Bridges of Madison County,1995,Clint Eastwood,2014-08-10,4.0,8
Ocean's Thirteen,2007,Steven Soderbergh,2014-08-10,4.0,8
Ocean's Twelve,2004,Steven Soderbergh,2014-08-10,4.0,8
Ocean's Eleven,2001,Steven Soderbergh,2014-08-10,4.0,8
Slumdog Millionaire,2008,"Danny Boyle, Loveleen Tandan",2014-08-10,3.5,7
The Sixth Sense,1999,M. Night Shyamalan,2014-08-10,4.0,8
Finding Nemo,2003,"Andrew Stanton, Lee Unkrich",2014-08-10,4.0,8
WALL•E,2008,Andrew Stanton,2014-08-10,4.0,8
The Curious Case of Benjamin Button,2008,David Fincher,2014-08-10,3.5,7
Forrest Gump,1994,Robert Zemeckis,2014-08-10,4.0,8
Tapas,2005,"José Corbacho, Juan Cruz",2014-08-10,3.0,6
The Lost World: Jurassic Park,1997,Steven Spielberg,2014-08-10,3.0,6
Jurassic Park,1993,Steven Spielberg,2014-08-10,4.0,8
Inglourious Basterds,2009,Quentin Tarantino,2014-08-10,4.0,8
Jackie Brown,1997,Quentin Tarantino,2014-08-10,3.0,6
Four Rooms,1995,"Allison Anders, Alexandre Rockwell",2014-08-10,4.0,8
A Clockwork Orange,1971,Stanley Kubrick,2014-08-10,4.5,9
The Birdcage,1996,Mike Nichols,2014-08-10,4.0,8
Moulin Rouge,2001,Baz Luhrmann,2014-08-10,3.5,7
Hollow Man,2000,Paul Verhoeven,2014-08-10,2.0,4
Zoolander,2001,Ben Stiller,2014-08-10,3.5,7
Mars Attacks!,1996,Tim Burton,2014-08-10,3.5,7
Coyote Ugly,2000,David McNally,2014-08-10,2.5,5
The Lion King II: Simba's Pride,1998,"Darrell Rooney, Rob LaDuca",2014-08-10,3.0,6
The Lion King,1994,"Rob Minkoff, Roger Allers",2014-08-10,4.0,8
Grease,1978,Randal Kleiser,2014-08-10,4.0,8
Friend Zone,2009,Borja Cobeaga,2014-08-10,3.0,6
"Dude, Where's my Car?",2000,Danny Leiner,2014-08-10,3.0,6
Isi/Disi: Alto voltaje,2006,Miguel Ángel Lamata,2014-08-10,3.0,6
Isi/Disi: Amor a lo bestia,2004,Chema de la Peña,2014-08-10,3.0,6
Monsters University,2013,Dan Scanlon,2014-08-10,3.5,7
"Monsters, Inc.",2001,"Pete Docter, Lee Unkrich",2014-08-10,4.0,8
The Golden Compass,2007,Chris Weitz,2014-08-10,2.5,5
K-Pax,2001,Iain Softley,2014-08-10,3.5,7
X-Men,2000,Bryan Singer,2014-08-10,3.5,7
Corpse Bride,2005,"Tim Burton, Mike Johnson",2014-08-10,3.5,7
Charlie and the Chocolate Factory,2005,Tim Burton,2014-08-10,3.5,7
Seven Years in Tibet,1997,Jean-Jacques Annaud,2014-08-10,3.5,7
Monty Python's The Meaning of Life,1983,"Terry Jones, Terry Gilliam",2014-08-10,3.5,7
Ice Age: Dawn of the Dinosaurs (Ice Age 3),2009,"Carlos Saldanha, Mike Thurmeier",2014-08-10,3.5,7
Ice Age 2: The Meltdown,2006,Carlos Saldanha,2014-08-10,3.5,7
The Simpsons Movie,2007,David Silverman,2014-08-10,4.0,8
Toy Story 3,2010,Lee Unkrich,2014-08-10,4.5,9
Toy Story 2,1999,"John Lasseter, Ash Brannon",2014-08-10,4.0,8
Toy Story,1995,John Lasseter,2014-08-10,4.0,8
The Incredibles,2004,Brad Bird,2014-08-10,3.5,7
Pom Poko,1994,Isao Takahata,2014-08-10,4.0,8
Grave of the Fireflies,1988,Isao Takahata,2014-08-10,4.0,8
Ponyo on the Cliff by the Sea,2008,Hayao Miyazaki,2014-08-10,3.5,7
Howl's Moving Castle,2004,Hayao Miyazaki,2014-08-10,4.5,9
Spirited Away,2001,Hayao Miyazaki,2014-08-10,5.0,10
Princess Mononoke,1997,Hayao Miyazaki,2014-08-10,5.0,10
Porco Rosso,1992,Hayao Miyazaki,2014-08-10,4.0,8
Kiki's Delivery Service,1989,Hayao Miyazaki,2014-08-10,3.0,6
My Neighbor Totoro,1988,Hayao Miyazaki,2014-08-10,4.5,9
Castle in the Sky,1986,Hayao Miyazaki,2014-08-10,4.0,8
Nausicaä of the Valley of the Wind,1984,Hayao Miyazaki,2014-08-10,4.0,8
Lupin III: The Castle of Cagliostro,1979,Hayao Miyazaki,2014-08-10,4.5,9
Kids,1995,Larry Clark,2014-08-10,3.5,7
City of God,2002,"Fernando Meirelles, Kátia Lund",2014-08-10,4.5,9
Desperado,1995,Robert Rodriguez,2014-08-10,3.5,7
Daredevil,2003,Mark Steven Johnson,2014-08-10,2.5,5
Bedknobs & Broomsticks,1971,Robert Stevenson,2014-08-10,4.0,8
The Time Machine,2002,Simon Wells,2014-08-10,3.0,6
X3 (X-Men 3: The Last Stand),2006,Brett Ratner,2014-08-10,3.5,7
Hellboy,2004,Guillermo del Toro,2014-08-10,4.0,8
Goldeneye,1995,Martin Campbell,2014-08-10,3.5,7
Harry Potter and the Deathly Hallows: Part II,2011,David Yates,2014-08-10,3.5,7
Harry Potter and the Deathly Hallows: Part I,2010,David Yates,2014-08-10,4.0,8
Harry Potter and the Half-Blood Prince,2009,David Yates,2014-08-10,4.0,8
Harry Potter and the Order of the Phoenix,2007,David Yates,2014-08-10,4.0,8
Harry Potter and the Goblet of Fire,2005,Mike Newell,2014-08-10,4.0,8
Harry Potter and the Prisoner of Azkaban,2004,Alfonso Cuarón,2014-08-10,4.0,8
Harry Potter and the Chamber of Secrets,2002,Chris Columbus,2014-08-10,4.0,8
Harry Potter and the Sorcerer's Stone,2001,Chris Columbus,2014-08-10,4.0,8
DragonHeart,1996,Rob Cohen,2014-08-10,3.5,7
Collateral,2004,Michael Mann,2014-08-10,3.0,6
The Karate Kid,1984,John G. Avildsen,2014-08-10,4.0,8
Iron Man 3,2013,Shane Black,2014-08-10,3.0,6
Iron Man 2,2010,Jon Favreau,2014-08-10,3.0,6
Iron Man,2008,Jon Favreau,2014-08-10,3.5,7
Mad Max 2: The Road Warrior,1981,George Miller,2014-08-10,3.5,7
Mad Max,1979,George Miller,2014-08-10,3.5,7
Final Fantasy: The Spirits Within,2001,"Hironobu Sakaguchi, Motonori Sakakibara",2014-08-10,2.0,4
X-Men Origins: Wolverine,2009,Gavin Hood,2014-08-10,3.5,7
Munich,2005,Steven Spielberg,2014-08-10,3.0,6
"Crouching Tiger, Hidden Dragon",2000,Ang Lee,2014-08-10,3.5,7
Cast Away,2000,Robert Zemeckis,2014-08-10,4.0,8
Blade II (Blade 2),2002,Guillermo del Toro,2014-08-10,3.0,6
Blade,1998,Stephen Norrington,2014-08-10,3.5,7
Independence Day,1996,Roland Emmerich,2014-08-10,3.5,7
In Bruges,2008,Martin McDonagh,2014-08-10,4.0,8
Spider-Man 3 (Spiderman 3),2007,Sam Raimi,2014-08-10,3.0,6
Spider-Man 2,2004,Sam Raimi,2014-08-10,3.5,7
Spider-Man (Spiderman),2002,Sam Raimi,2014-08-10,3.5,7
Indiana Jones and the Kingdom of the Crystal Skull (Indiana Jones 4),2008,Steven Spielberg,2014-08-10,2.5,5
Indiana Jones and the Last Crusade,1989,Steven Spielberg,2014-08-10,4.0,8
Indiana Jones and the Temple of Doom,1984,Steven Spielberg,2014-08-10,4.0,8
Indiana Jones: Raiders of the Lost Ark,1981,Steven Spielberg,2014-08-10,4.5,9
Kung Fu Panda: Secrets of the Masters,2011,Anthony Leondis,2014-08-10,3.5,7
Pirates of the Caribbean: The Curse of the Black Pearl,2003,Gore Verbinski,2014-08-10,4.0,8
Pirates of the Caribbean: On Stranger Tides,2011,Rob Marshall,2014-08-10,3.0,6
Pirates of the Caribbean: At World's End,2007,Gore Verbinski,2014-08-10,4.0,8
Pirates of the Caribbean: Dead Man's Chest,2006,Gore Verbinski,2014-08-10,3.5,7
Chicken Run,2000,"Nick Park, Peter Lord",2014-08-10,3.0,6
There's Something About Mary,1998,"Peter Farrelly, Bobby Farrelly",2014-08-10,3.5,7
From Dusk Till Dawn,1996,Robert Rodriguez,2014-08-10,3.5,7
Catch Me If You Can,2002,Steven Spielberg,2014-08-10,3.5,7
Saving Private Ryan,1998,Steven Spielberg,2014-08-10,3.5,7
V For Vendetta,2006,James McTeigue,2014-08-10,3.5,7
Shrek 2,2004,"Andrew Adamson, Kelly Asbury",2014-08-10,4.0,8
Shrek,2001,"Andrew Adamson, Vicky Jenson",2014-08-10,4.0,8
The Dark Knight,2008,Christopher Nolan,2014-08-10,4.0,8
Gran Torino,2008,Clint Eastwood,2014-08-10,4.0,8
Reservoir Dogs,1992,Quentin Tarantino,2014-08-10,4.0,8
The One,2001,James Wong,2014-08-10,3.0,6
Now You See Me,2013,Louis Leterrier,2014-08-10,3.5,7
Sleuth,2007,Kenneth Branagh,2014-08-04,3.0,6
Spanish Affair,2014,Emilio Martínez-Lázaro,2014-08-04,4.0,8
Cloudy with a Chance of Meatballs 2,2013,"Cody Cameron, Kris Pearn",2014-08-04,4.0,8
